{"cameraMode":{"drawMode":0,"name":"Shaded","section":"Shading Mode"},"sceneLighting":false,"audioPlay":false,"sceneViewState":{"showFog":true,"showMaterialUpdate":false,"showSkybox":false,"showFlares":true,"showImageEffects":true,"showParticleSystems":true},"in2DMode":false,"pivot":{"x":-2.1664693355560304,"y":0.6636453866958618,"z":-0.012239460833370686},"rotation":{"x":0.0685611218214035,"y":-0.7956714630126953,"z":0.09189439564943314,"w":0.5948731899261475},"size":4.982579231262207,"orthographic":false}