{"cameraMode":{"drawMode":0,"name":"Shaded","section":"Shading Mode"},"sceneLighting":false,"audioPlay":false,"sceneViewState":{"showFog":true,"showMaterialUpdate":false,"showSkybox":false,"showFlares":true,"showImageEffects":true,"showParticleSystems":true},"in2DMode":false,"pivot":{"x":0.9300275444984436,"y":0.8788424730300903,"z":-0.041311681270599368},"rotation":{"x":-0.09146259725093842,"y":-0.32449382543563845,"z":0.03154182434082031,"w":-0.9409328103065491},"size":3.786233425140381,"orthographic":false}