{"cameraMode":{"drawMode":0,"name":"Shaded","section":"Shading Mode"},"sceneLighting":false,"audioPlay":false,"sceneViewState":{"showFog":true,"showMaterialUpdate":false,"showSkybox":false,"showFlares":true,"showImageEffects":true,"showParticleSystems":true},"in2DMode":false,"pivot":{"x":5.443772315979004,"y":1.4540002346038819,"z":1.7180426120758057},"rotation":{"x":0.060310158878564838,"y":0.9195588231086731,"z":-0.3556053638458252,"w":0.15595532953739167},"size":3.47255539894104,"orthographic":false}