{"cameraMode":{"drawMode":0,"name":"Shaded","section":"Shading Mode"},"sceneLighting":false,"audioPlay":false,"sceneViewState":{"showFog":true,"showMaterialUpdate":false,"showSkybox":false,"showFlares":true,"showImageEffects":true,"showParticleSystems":true},"in2DMode":false,"pivot":{"x":1.4335273504257203,"y":0.9942193031311035,"z":-0.30306410789489748},"rotation":{"x":-0.09908697754144669,"y":-0.4997081160545349,"z":0.05767015740275383,"w":-0.8585794568061829},"size":3.786233425140381,"orthographic":false}