{"cameraMode":{"drawMode":0,"name":"Shaded","section":"Shading Mode"},"sceneLighting":false,"audioPlay":false,"sceneViewState":{"showFog":true,"showMaterialUpdate":false,"showSkybox":false,"showFlares":true,"showImageEffects":true,"showParticleSystems":true},"in2DMode":false,"pivot":{"x":-4.499156951904297,"y":2.2899999618530275,"z":-6.837250709533691},"rotation":{"x":-0.00619159871712327,"y":0.991241991519928,"z":-0.12194322794675827,"w":-0.05149312689900398},"size":40.010372161865237,"orthographic":false}