{"cameraMode":{"drawMode":0,"name":"Shaded","section":"Shading Mode"},"sceneLighting":true,"audioPlay":false,"sceneViewState":{"showFog":true,"showMaterialUpdate":false,"showSkybox":true,"showFlares":true,"showImageEffects":true,"showParticleSystems":true},"in2DMode":false,"pivot":{"x":7.567194938659668,"y":-3.911797285079956,"z":11.04240608215332},"rotation":{"x":0.3287178874015808,"y":0.04813778027892113,"z":-0.016778530552983285,"w":0.943052351474762},"size":19.879322052001954,"orthographic":false}