{"cameraMode":{"drawMode":0,"name":"Shaded","section":"Shading Mode"},"sceneLighting":true,"audioPlay":false,"sceneViewState":{"showFog":true,"showMaterialUpdate":false,"showSkybox":true,"showFlares":true,"showImageEffects":true,"showParticleSystems":true},"in2DMode":false,"pivot":{"x":1.9079320430755616,"y":1.041580319404602,"z":3.900153160095215},"rotation":{"x":0.06856252253055573,"y":0.8818606734275818,"z":-0.1354469507932663,"w":0.44641679525375368},"size":5.452971935272217,"orthographic":false}