{"cameraMode":{"drawMode":0,"name":"Shaded","section":"Shading Mode"},"sceneLighting":false,"audioPlay":false,"sceneViewState":{"showFog":true,"showMaterialUpdate":false,"showSkybox":false,"showFlares":true,"showImageEffects":true,"showParticleSystems":true},"in2DMode":false,"pivot":{"x":0.6563987731933594,"y":-0.5749573111534119,"z":-0.04344555363059044},"rotation":{"x":0.23364800214767457,"y":0.7089415192604065,"z":-0.27293530106544497,"w":0.6068939566612244},"size":1.4289418458938599,"orthographic":false}