{"cameraMode":{"drawMode":0,"name":"Shaded","section":"Shading Mode"},"sceneLighting":true,"audioPlay":false,"sceneViewState":{"showFog":true,"showMaterialUpdate":false,"showSkybox":true,"showFlares":true,"showImageEffects":true,"showParticleSystems":true},"in2DMode":false,"pivot":{"x":2.9434776306152345,"y":0.8316218852996826,"z":-1.0688905715942383},"rotation":{"x":0.02272091619670391,"y":0.9771667718887329,"z":-0.14169272780418397,"w":0.15669192373752595},"size":12.24085521697998,"orthographic":false}