{"cameraMode":{"drawMode":0,"name":"Shaded","section":"Shading Mode"},"sceneLighting":true,"audioPlay":false,"sceneViewState":{"showFog":true,"showMaterialUpdate":false,"showSkybox":true,"showFlares":true,"showImageEffects":true,"showParticleSystems":true},"in2DMode":false,"pivot":{"x":-8.796947479248047,"y":-2.155385732650757,"z":7.981355667114258},"rotation":{"x":0.19635842740535737,"y":-0.4127391278743744,"z":0.09160275012254715,"w":0.8847362399101257},"size":13.925946235656739,"orthographic":false}