{"cameraMode":{"drawMode":0,"name":"Shaded","section":"Shading Mode"},"sceneLighting":false,"audioPlay":false,"sceneViewState":{"showFog":true,"showMaterialUpdate":false,"showSkybox":false,"showFlares":true,"showImageEffects":true,"showParticleSystems":true},"in2DMode":false,"pivot":{"x":4.426300048828125,"y":1.455039381980896,"z":7.349201679229736},"rotation":{"x":-0.1813897341489792,"y":-0.009437322616577149,"z":0.0017250538803637028,"w":-0.983410120010376},"size":5.505756378173828,"orthographic":false}