{"cameraMode":{"drawMode":0,"name":"Shaded","section":"Shading Mode"},"sceneLighting":false,"audioPlay":false,"sceneViewState":{"showFog":true,"showMaterialUpdate":false,"showSkybox":false,"showFlares":true,"showImageEffects":true,"showParticleSystems":true},"in2DMode":false,"pivot":{"x":0.1749354600906372,"y":-0.10287070274353028,"z":-0.3534192442893982},"rotation":{"x":0.12819994986057282,"y":0.8246216773986816,"z":-0.20705047249794007,"w":0.5105828046798706},"size":2.256532907485962,"orthographic":false}