{"cameraMode":{"drawMode":0,"name":"Shaded","section":"Shading Mode"},"sceneLighting":false,"audioPlay":false,"sceneViewState":{"showFog":true,"showMaterialUpdate":false,"showSkybox":false,"showFlares":true,"showImageEffects":true,"showParticleSystems":true},"in2DMode":false,"pivot":{"x":4.421684741973877,"y":4.785497665405273,"z":4.173036575317383},"rotation":{"x":0.02715948596596718,"y":0.9587618708610535,"z":-0.2653452455997467,"w":0.09813440591096878},"size":36.91789245605469,"orthographic":false}